{
  "operationName": "CreatePaymentInstrumentMutation",
  "variables": {
    "input": {
      "instrumentAttributes": [
        {
          "attributeName": "TYPE",
          "attributeValue": "Credit Card"
        },
        {
          "attributeName": "COUNTRY",
          "attributeValue": "PH"
        },
        {
          "attributeName": "BIN",
          "attributeValue": "41629501"
        },
        {
          "attributeName": "LAST_FOUR",
          "attributeValue": "8791"
        },
        {
          "attributeName": "EXPIRATION_MONTH",
          "attributeValue": "04"
        },
        {
          "attributeName": "EXPIRATION_YEAR",
          "attributeValue": "2027"
        },
        {
          "attributeName": "PAYMENT_METHOD_NONCE",
          "attributeValue": "tokencc_bj_gn2cd6_fptg64_9ffpjv_qkyk8x_357"
        },
        {
          "attributeName": "POSTAL_CODE",
          "attributeValue": "1421"
        }
      ],
      "paymentMethodType": "CARD",
      "paymentProvider": "BRAINTREE"
    }
  },
  "extensions": {
    "persistedQuery": {
      "version": 1,
      "sha256Hash": "f38b1b7a5933124a10d89e8edfbfef2106ba79d40013fac8024044556bc37de9"
    }
  }
}