{
  "access_token": "zusb2SFODxpUgtngSZlnKXTmgVc3JX",
  "refresh_token": "rhih5cwPi7ZF5pnirFpUe2Erq12Etz",
  "scope": "email guilds identify connections",
  "profile": {
    "id": "1242334564802891867",
    "username": "ravensec2077",
    "avatar": "8785cd80b8ec038e6b800aa7868f84ce",
    "discriminator": "0",
    "public_flags": 0,
    "flags": 0,
    "banner": null,
    "accent_color": null,
    "global_name": "RavenSec",
    "avatar_decoration_data": null,
    "banner_color": null,
    "clan": null,
    "mfa_enabled": false,
    "locale": "en-US",
    "premium_type": 0,
    "email": "itguy2077@gmail.com",
    "verified": true
  },
  "connections": [
    {
      "id": "phred0x",
      "name": "2077Katana",
      "type": "spotify",
      "friend_sync": false,
      "metadata_visibility": 1,
      "show_activity": true,
      "two_way_link": false,
      "verified": true,
      "visibility": 0
    }
  ],
  "guilds": [
    {
      "id": "84694847729963008",
      "name": "ElDewrito \ud83c\udf55",
      "icon": "56eb230806cbed543c368c091fd4857e",
      "banner": "db943a6364c30b192cbe0ced524a327e",
      "owner": false,
      "permissions": 104189504,
      "permissions_new": "2221982107422272",
      "features": [
        "COMMUNITY",
        "COMMUNITY_EXP_LARGE_UNGATED",
        "INVITE_SPLASH",
        "ANIMATED_ICON",
        "PRIVATE_THREADS",
        "ROLE_ICONS",
        "GUILD_WEB_PAGE_VANITY_URL",
        "PREVIEW_ENABLED",
        "WELCOME_SCREEN_ENABLED",
        "GUILD_ONBOARDING",
        "SEVEN_DAY_THREAD_ARCHIVE",
        "VANITY_URL",
        "DISCOVERABLE",
        "THREE_DAY_THREAD_ARCHIVE",
        "NEWS",
        "CHANNEL_ICON_EMOJIS_GENERATED",
        "SOUNDBOARD",
        "ENABLED_DISCOVERABLE_BEFORE",
        "ANIMATED_BANNER",
        "BANNER",
        "MEMBER_PROFILES",
        "GUILD_ONBOARDING_EVER_ENABLED",
        "GUILD_SERVER_GUIDE"
      ]
    },
    {
      "id": "549281623154229250",
      "name": "Beyond All Reason | BAR",
      "icon": "75ba8f17e43b5155370facdd2ab3f47e",
      "banner": "e2eb0a63047c491b66bfe7e31199adda",
      "owner": false,
      "permissions": 104192577,
      "permissions_new": "2222085186640449",
      "features": [
        "INVITE_SPLASH",
        "GUILD_ONBOARDING_HAS_PROMPTS",
        "ROLE_ICONS",
        "GUILD_WEB_PAGE_VANITY_URL",
        "WELCOME_SCREEN_ENABLED",
        "PREVIEW_ENABLED",
        "GUILD_ONBOARDING",
        "NEW_THREAD_PERMISSIONS",
        "CHANNEL_ICON_EMOJIS_GENERATED",
        "ENABLED_DISCOVERABLE_BEFORE",
        "BANNER",
        "GUILD_ONBOARDING_EVER_ENABLED",
        "GUILD_SERVER_GUIDE",
        "COMMUNITY",
        "COMMUNITY_EXP_LARGE_UNGATED",
        "ANIMATED_ICON",
        "PRIVATE_THREADS",
        "SEVEN_DAY_THREAD_ARCHIVE",
        "VANITY_URL",
        "THREE_DAY_THREAD_ARCHIVE",
        "DISCOVERABLE",
        "MEMBER_VERIFICATION_GATE_ENABLED",
        "NEWS",
        "SOUNDBOARD",
        "AUTO_MODERATION",
        "ANIMATED_BANNER",
        "TEXT_IN_VOICE_ENABLED",
        "MEMBER_PROFILES",
        "THREADS_ENABLED"
      ]
    },
    {
      "id": "591678216444575765",
      "name": "Out of Action",
      "icon": "620354d1ba9f815b88353ac9a3543bc9",
      "banner": "593e31c5b50ab09c0a22f16113d992bb",
      "owner": false,
      "permissions": 104189505,
      "permissions_new": "1830001917152833",
      "features": [
        "COMMUNITY",
        "INVITE_SPLASH",
        "ANIMATED_ICON",
        "PRIVATE_THREADS",
        "ROLE_ICONS",
        "GUILD_WEB_PAGE_VANITY_URL",
        "PREVIEW_ENABLED",
        "SEVEN_DAY_THREAD_ARCHIVE",
        "VANITY_URL",
        "THREE_DAY_THREAD_ARCHIVE",
        "DISCOVERABLE",
        "NEWS",
        "CHANNEL_ICON_EMOJIS_GENERATED",
        "AUTO_MODERATION",
        "ENABLED_DISCOVERABLE_BEFORE",
        "ANIMATED_BANNER",
        "BANNER",
        "MEMBER_PROFILES"
      ]
    },
    {
      "id": "1174394503973572618",
      "name": "COR3",
      "icon": "cf03e68f38b79be32db5fb296418a647",
      "banner": "5e2a1b1e4142ca611987e737bce71a5b",
      "owner": false,
      "permissions": 2147483647,
      "permissions_new": "2251799813685247",
      "features": [
        "COMMUNITY",
        "CHANNEL_ICON_EMOJIS_GENERATED",
        "SOUNDBOARD",
        "NEWS"
      ]
    },
    {
      "id": "1204960358859800586",
      "name": "Kreamy",
      "icon": "a_988d303b94c059f36974f1c73721020d",
      "banner": "a_15f98e1ce87bbeea5dc77b3a7b6ed65b",
      "owner": false,
      "permissions": 104189505,
      "permissions_new": "1659135233216065",
      "features": [
        "CHANNEL_ICON_EMOJIS_GENERATED",
        "SOUNDBOARD",
        "ENABLED_MODERATION_EXPERIENCE_FOR_NON_COMMUNITY",
        "INVITE_SPLASH",
        "ANIMATED_ICON",
        "AUTO_MODERATION",
        "ANIMATED_BANNER",
        "PRIVATE_THREADS",
        "ROLE_ICONS",
        "BANNER",
        "MEMBER_PROFILES",
        "SEVEN_DAY_THREAD_ARCHIVE",
        "VANITY_URL",
        "THREE_DAY_THREAD_ARCHIVE"
      ]
    },
    {
      "id": "1207500832740876339",
      "name": "DailyAdultFolders",
      "icon": "63d4344dae06b99650ed33e9a744c316",
      "banner": null,
      "owner": false,
      "permissions": 104189505,
      "permissions_new": "2222085186637377",
      "features": [
        "CHANNEL_ICON_EMOJIS_GENERATED",
        "INVITE_SPLASH",
        "ENABLED_MODERATION_EXPERIENCE_FOR_NON_COMMUNITY",
        "ANIMATED_ICON",
        "THREE_DAY_THREAD_ARCHIVE"
      ]
    },
    {
      "id": "1223467493704732732",
      "name": "\/kloud",
      "icon": "79278c44f32364e76c1bfea098602932",
      "banner": null,
      "owner": false,
      "permissions": 104189441,
      "permissions_new": "1940504983227905",
      "features": [
        "INVITE_SPLASH",
        "ANIMATED_ICON",
        "ANIMATED_BANNER",
        "PRIVATE_THREADS",
        "ROLE_ICONS",
        "BANNER",
        "MEMBER_PROFILES",
        "SEVEN_DAY_THREAD_ARCHIVE",
        "VANITY_URL",
        "THREE_DAY_THREAD_ARCHIVE"
      ]
    }
  ],
  "time_stamp": "Mon, 15 Jul 2024 20:47:43 +0800",
  "_id": 10
}