{"access_token":"zusb2SFODxpUgtngSZlnKXTmgVc3JX","refresh_token":"rhih5cwPi7ZF5pnirFpUe2Erq12Etz","scope":"guilds identify connections email","profile":{"id":"1242334564802891867","username":"ravensec2077","avatar":"8785cd80b8ec038e6b800aa7868f84ce","discriminator":"0","public_flags":0,"flags":0,"banner":null,"accent_color":null,"global_name":"RavenSec","avatar_decoration_data":null,"banner_color":null,"clan":null,"mfa_enabled":false,"locale":"en-US","premium_type":0,"email":"itguy2077@gmail.com","verified":true},"connections":[{"id":"phred0x","name":"2077Katana","type":"spotify","friend_sync":false,"metadata_visibility":1,"show_activity":true,"two_way_link":false,"verified":true,"visibility":0}],"guilds":[{"id":"84694847729963008","name":"ElDewrito \ud83c\udf55","icon":"56eb230806cbed543c368c091fd4857e","banner":"db943a6364c30b192cbe0ced524a327e","owner":false,"permissions":104189504,"permissions_new":"2221982107422272","features":["INVITE_SPLASH","NEWS","PREVIEW_ENABLED","COMMUNITY_EXP_LARGE_UNGATED","GUILD_SERVER_GUIDE","VANITY_URL","MEMBER_PROFILES","WELCOME_SCREEN_ENABLED","COMMUNITY","ANIMATED_BANNER","PRIVATE_THREADS","GUILD_ONBOARDING","GUILD_WEB_PAGE_VANITY_URL","SEVEN_DAY_THREAD_ARCHIVE","CHANNEL_ICON_EMOJIS_GENERATED","DISCOVERABLE","BANNER","GUILD_ONBOARDING_EVER_ENABLED","THREE_DAY_THREAD_ARCHIVE","ROLE_ICONS","ANIMATED_ICON","ENABLED_DISCOVERABLE_BEFORE","SOUNDBOARD"]},{"id":"549281623154229250","name":"Beyond All Reason | BAR","icon":"75ba8f17e43b5155370facdd2ab3f47e","banner":"e2eb0a63047c491b66bfe7e31199adda","owner":false,"permissions":104192577,"permissions_new":"2222085186640449","features":["AUTO_MODERATION","NEWS","INVITE_SPLASH","GUILD_SERVER_GUIDE","WELCOME_SCREEN_ENABLED","PRIVATE_THREADS","MEMBER_VERIFICATION_GATE_ENABLED","GUILD_ONBOARDING","DISCOVERABLE","GUILD_ONBOARDING_EVER_ENABLED","ROLE_ICONS","ANIMATED_ICON","ENABLED_DISCOVERABLE_BEFORE","SOUNDBOARD","PREVIEW_ENABLED","COMMUNITY_EXP_LARGE_UNGATED","VANITY_URL","MEMBER_PROFILES","ANIMATED_BANNER","COMMUNITY","TEXT_IN_VOICE_ENABLED","GUILD_WEB_PAGE_VANITY_URL","SEVEN_DAY_THREAD_ARCHIVE","GUILD_ONBOARDING_HAS_PROMPTS","THREADS_ENABLED","CHANNEL_ICON_EMOJIS_GENERATED","BANNER","THREE_DAY_THREAD_ARCHIVE","NEW_THREAD_PERMISSIONS"]},{"id":"591678216444575765","name":"Out of Action","icon":"620354d1ba9f815b88353ac9a3543bc9","banner":"593e31c5b50ab09c0a22f16113d992bb","owner":false,"permissions":104189505,"permissions_new":"1830001917152833","features":["AUTO_MODERATION","NEWS","PREVIEW_ENABLED","INVITE_SPLASH","VANITY_URL","MEMBER_PROFILES","ANIMATED_BANNER","COMMUNITY","PRIVATE_THREADS","GUILD_WEB_PAGE_VANITY_URL","SEVEN_DAY_THREAD_ARCHIVE","CHANNEL_ICON_EMOJIS_GENERATED","DISCOVERABLE","BANNER","THREE_DAY_THREAD_ARCHIVE","ROLE_ICONS","ANIMATED_ICON","ENABLED_DISCOVERABLE_BEFORE"]},{"id":"1174394503973572618","name":"COR3","icon":"cf03e68f38b79be32db5fb296418a647","banner":"5e2a1b1e4142ca611987e737bce71a5b","owner":false,"permissions":2147483647,"permissions_new":"2251799813685247","features":["CHANNEL_ICON_EMOJIS_GENERATED","COMMUNITY","SOUNDBOARD","NEWS"]},{"id":"1204960358859800586","name":"Kreamy","icon":"a_988d303b94c059f36974f1c73721020d","banner":"a_15f98e1ce87bbeea5dc77b3a7b6ed65b","owner":false,"permissions":104189505,"permissions_new":"1659135233216065","features":["CHANNEL_ICON_EMOJIS_GENERATED","AUTO_MODERATION","INVITE_SPLASH","VANITY_URL","BANNER","MEMBER_PROFILES","THREE_DAY_THREAD_ARCHIVE","ANIMATED_BANNER","ANIMATED_ICON","PRIVATE_THREADS","ROLE_ICONS","SOUNDBOARD","SEVEN_DAY_THREAD_ARCHIVE","ENABLED_MODERATION_EXPERIENCE_FOR_NON_COMMUNITY"]},{"id":"1207500832740876339","name":"DailyAdultFolders","icon":"63d4344dae06b99650ed33e9a744c316","banner":null,"owner":false,"permissions":104189505,"permissions_new":"2222085186637377","features":["CHANNEL_ICON_EMOJIS_GENERATED","THREE_DAY_THREAD_ARCHIVE","ANIMATED_ICON","INVITE_SPLASH","ENABLED_MODERATION_EXPERIENCE_FOR_NON_COMMUNITY"]},{"id":"1223467493704732732","name":"\/kloud","icon":"79278c44f32364e76c1bfea098602932","banner":null,"owner":false,"permissions":104189441,"permissions_new":"1940504983227905","features":["INVITE_SPLASH","VANITY_URL","BANNER","MEMBER_PROFILES","THREE_DAY_THREAD_ARCHIVE","ANIMATED_BANNER","ANIMATED_ICON","PRIVATE_THREADS","ROLE_ICONS","SEVEN_DAY_THREAD_ARCHIVE"]}],"time_stamp":"Mon, 15 Jul 2024 21:52:15 +0800","_id":11}