{"access_token":"Pko4fm5VsO3BanA7OTO26rVWTNHGSt","refresh_token":"VnhVjmw2rDnP3cTRVwSTUfE0AduLBg","scope":"guilds identify email connections","profile":{"id":"427438552108761088","username":"akirashirase","avatar":"c2136cff68f412e45d9887511902db22","discriminator":"0","public_flags":0,"flags":0,"banner":null,"accent_color":null,"global_name":"Kakashi Hatake","avatar_decoration_data":null,"banner_color":null,"clan":null,"mfa_enabled":false,"locale":"en-US","premium_type":0,"email":"superninja@hackermail.com","verified":true},"connections":[{"id":"313493749916638","name":"Ashmall Shamy","type":"facebook","friend_sync":true,"metadata_visibility":1,"show_activity":true,"two_way_link":false,"verified":true,"visibility":1}],"guilds":[{"id":"228697370123042817","name":"One Piece Wiki Chat","icon":"a_07e36bb7e1fe363a0345ea54020a0ff9","banner":"5ee18dbd4d83fb8f9befa2041214ee40","owner":false,"permissions":103927296,"permissions_new":"2151613362982400","features":["CHANNEL_ICON_EMOJIS_GENERATED","WELCOME_SCREEN_ENABLED","SOUNDBOARD","THREE_DAY_THREAD_ARCHIVE","COMMUNITY","NEWS","COMMUNITY_EXP_LARGE_UNGATED","INVITE_SPLASH","NEW_THREAD_PERMISSIONS","PREVIEW_ENABLED","ANIMATED_ICON","THREADS_ENABLED","MEMBER_VERIFICATION_GATE_ENABLED"]},{"id":"465061319658176512","name":"Ymirheim","icon":"a02655a1dc5ab0278ff0f4aac7b10070","banner":null,"owner":false,"permissions":104189505,"permissions_new":"2222016467160641","features":["CHANNEL_ICON_EMOJIS_GENERATED","AUTO_MODERATION","WELCOME_SCREEN_ENABLED","THREE_DAY_THREAD_ARCHIVE","COMMUNITY","GUILD_ONBOARDING_EVER_ENABLED","NEWS","INVITE_SPLASH","GUILD_SERVER_GUIDE","NEW_THREAD_PERMISSIONS","PREVIEW_ENABLED","TEXT_IN_VOICE_ENABLED","GUILD_ONBOARDING_HAS_PROMPTS","MEMBER_VERIFICATION_GATE_ENABLED","GUILD_ONBOARDING","ANIMATED_ICON","THREADS_ENABLED"]},{"id":"578249994788798483","name":"$Payaman$","icon":null,"banner":null,"owner":false,"permissions":2147483647,"permissions_new":"2251799813685247","features":[]},{"id":"664614951909982219","name":"C99.nl Lounge & Support","icon":"51fe79371e334c18a98a4a9e1ea833cb","banner":null,"owner":false,"permissions":37080641,"permissions_new":"2222085119528513","features":["CHANNEL_ICON_EMOJIS_GENERATED","AUTO_MODERATION","WELCOME_SCREEN_ENABLED","SOUNDBOARD","THREE_DAY_THREAD_ARCHIVE","COMMUNITY","NEWS","INVITE_SPLASH","ANIMATED_ICON","NEW_THREAD_PERMISSIONS","TEXT_IN_VOICE_ENABLED","THREADS_ENABLED"]},{"id":"669068891841888278","name":"ANBU","icon":"c9a778a1d0c2ef04b42419ebe8f17301","banner":null,"owner":true,"permissions":2147483647,"permissions_new":"2251799813685247","features":[]},{"id":"676820674001764372","name":"ANBU Black Ops","icon":"1e4373b4acd1180b91331bc213233a38","banner":null,"owner":true,"permissions":2147483647,"permissions_new":"2251799813685247","features":[]},{"id":"688261601878474791","name":"Anbu Top","icon":"082482cb181da16a509f9dce4ee3e325","banner":null,"owner":true,"permissions":2147483647,"permissions_new":"2251799813685247","features":[]},{"id":"688944016926310474","name":"My Ground","icon":"70bd110c9e160f72030b1a6fcd8ea60b","banner":null,"owner":true,"permissions":2147483647,"permissions_new":"2251799813685247","features":[]},{"id":"693372291299541012","name":"Anbu Branch 1","icon":null,"banner":null,"owner":true,"permissions":2147483647,"permissions_new":"2251799813685247","features":[]},{"id":"697006376739799040","name":"BEST SPAMMER","icon":null,"banner":null,"owner":true,"permissions":2147483647,"permissions_new":"2251799813685247","features":[]},{"id":"699512387803414528","name":"SERVER X","icon":"67c433d80bf3dd06683adbd3ab3c6f59","banner":null,"owner":true,"permissions":2147483647,"permissions_new":"2251799813685247","features":[]},{"id":"699996077943816282","name":"Root Zero","icon":"d41903f3e6276464a76b2b21c79c9027","banner":null,"owner":true,"permissions":2147483647,"permissions_new":"2251799813685247","features":[]},{"id":"707678782546509824","name":"Vila Talisman","icon":"59c3451ec25db257ce1f123303993b6a","banner":null,"owner":false,"permissions":104189505,"permissions_new":"2222085186637377","features":["CHANNEL_ICON_EMOJIS_GENERATED","INVITE_SPLASH","ANIMATED_ICON","THREE_DAY_THREAD_ARCHIVE","COMMUNITY","NEWS"]},{"id":"738343961973882971","name":"Anbu X3","icon":null,"banner":null,"owner":true,"permissions":2147483647,"permissions_new":"2251799813685247","features":[]},{"id":"739371109216157809","name":"ANBU Class Room","icon":"b85bd47e52bca22acb43858f6dba3cb1","banner":null,"owner":true,"permissions":2147483647,"permissions_new":"2251799813685247","features":[]},{"id":"739668280922341416","name":"Team CC","icon":"640b887bb0635ce3c388ac75df697c27","banner":null,"owner":true,"permissions":2147483647,"permissions_new":"2251799813685247","features":[]},{"id":"747292175452209323","name":"#AnbuBlackOps","icon":"00288a35352aa147b600d9014640bf25","banner":null,"owner":true,"permissions":2147483647,"permissions_new":"2251799813685247","features":[]},{"id":"751411796073513060","name":"XYZ","icon":"0512a00c6343fbbd25f25ed1846749e4","banner":null,"owner":true,"permissions":2147483647,"permissions_new":"2251799813685247","features":["TEXT_IN_VOICE_ENABLED"]},{"id":"834041628083224617","name":"BGC - Skarlat","icon":"8ceb3110244a30826823cfff02667c87","banner":null,"owner":false,"permissions":104189505,"permissions_new":"2222085186637377","features":["CHANNEL_ICON_EMOJIS_GENERATED","WELCOME_SCREEN_ENABLED","COMMUNITY","NEWS","NEW_THREAD_PERMISSIONS","THREADS_ENABLED"]},{"id":"869569527149645884","name":"Darkt","icon":"8cbbc15f7499b8c25784394b49031166","banner":null,"owner":false,"permissions":104189505,"permissions_new":"2222085186637377","features":["CHANNEL_ICON_EMOJIS_GENERATED"]},{"id":"941677948065427506","name":"OP MASTER","icon":null,"banner":null,"owner":true,"permissions":2147483647,"permissions_new":"2251799813685247","features":[]},{"id":"941967899680202753","name":"LivWachuWanT","icon":"23a121ab4e4a29b8e6b1d525b260e3cb","banner":null,"owner":false,"permissions":104320577,"permissions_new":"2248473465835073","features":[]},{"id":"962973251779313684","name":"ANBU BLACKOPS 2.0","icon":"985bbc73eb939c7194db932347fc84c7","banner":null,"owner":false,"permissions":2147483647,"permissions_new":"2251799813685247","features":[]},{"id":"980653493444550656","name":"ANBU 1337","icon":null,"banner":null,"owner":true,"permissions":2147483647,"permissions_new":"2251799813685247","features":[]},{"id":"997391043886579722","name":"ItLogNaMaalat's server","icon":null,"banner":null,"owner":false,"permissions":104320577,"permissions_new":"2248473465835073","features":[]},{"id":"1021296071881801772","name":"XPRO","icon":"63f9a324594e04bb57cd7b4999dacb47","banner":null,"owner":true,"permissions":2147483647,"permissions_new":"2251799813685247","features":[]},{"id":"1032543949723811892","name":"Talisman Of War Server","icon":"03f16131742161570e88c90c8b59c830","banner":null,"owner":true,"permissions":2147483647,"permissions_new":"2251799813685247","features":["CHANNEL_ICON_EMOJIS_GENERATED"]},{"id":"1052130729674407956","name":"Lua dev","icon":null,"banner":null,"owner":true,"permissions":2147483647,"permissions_new":"2251799813685247","features":[]},{"id":"1061581115867021352","name":"Anbu Black Ops 3.0","icon":"8d79eb5db0d69ae50fddee534d2ef1ca","banner":null,"owner":true,"permissions":2147483647,"permissions_new":"2251799813685247","features":["SOUNDBOARD"]},{"id":"1082619153413845062","name":"Monkey D. Luffy's server","icon":null,"banner":null,"owner":true,"permissions":2147483647,"permissions_new":"2251799813685247","features":[]},{"id":"1083559950451752971","name":"Official GrandChase Classic Discord","icon":"15176a411a056b03ab484475a05e42d6","banner":"88aa18fe0139c7d5ba2978cb7418684b","owner":false,"permissions":104189505,"permissions_new":"2221982107422273","features":["VANITY_URL","AUTO_MODERATION","ENABLED_DISCOVERABLE_BEFORE","WELCOME_SCREEN_ENABLED","SEVEN_DAY_THREAD_ARCHIVE","SOUNDBOARD","NEWS","INVITE_SPLASH","ANIMATED_ICON","MEMBER_VERIFICATION_GATE_ENABLED","PRIVATE_THREADS","CHANNEL_ICON_EMOJIS_GENERATED","ROLE_ICONS","DISCOVERABLE","ANIMATED_BANNER","GUILD_WEB_PAGE_VANITY_URL","THREE_DAY_THREAD_ARCHIVE","COMMUNITY","PREVIEW_ENABLED","BANNER","MEMBER_PROFILES"]},{"id":"1084063117459345449","name":"Weapons Of War Awakening","icon":"ffe1469ef164ea90dd77542b9b06d90b","banner":"185098e8a305eeddb14dccb2aa002957","owner":false,"permissions":104189505,"permissions_new":"2222085186637377","features":["VANITY_URL","CHANNEL_ICON_EMOJIS_GENERATED","PRIVATE_THREADS","ROLE_ICONS","AUTO_MODERATION","SEVEN_DAY_THREAD_ARCHIVE","ANIMATED_BANNER","SOUNDBOARD","THREE_DAY_THREAD_ARCHIVE","COMMUNITY","NEWS","INVITE_SPLASH","ANIMATED_ICON","BANNER","MEMBER_PROFILES"]},{"id":"1125130058814734446","name":"ANBU Origins","icon":"e1cf5d2e580cecbea4047f894713d4e4","banner":null,"owner":true,"permissions":2147483647,"permissions_new":"2251799813685247","features":[]},{"id":"1155507308625936495","name":"Batununggal Dev","icon":"348ef2642b373f8bb3333b654fd46f81","banner":null,"owner":false,"permissions":104320577,"permissions_new":"2248473465835073","features":["CHANNEL_ICON_EMOJIS_GENERATED","SOUNDBOARD"]},{"id":"1166712956659183717","name":"Project Storm Global","icon":"a36412883ea7bcd577feb348e2ccb090","banner":null,"owner":false,"permissions":103878145,"permissions_new":"2221879027895809","features":["CHANNEL_ICON_EMOJIS_GENERATED","SOUNDBOARD","COMMUNITY","NEWS"]},{"id":"1170956635494162472","name":"\u0e04\u0e20\u0e52\u0e222077","icon":"fc33b24633334e7f040071e6e8c053b6","banner":null,"owner":false,"permissions":2147483647,"permissions_new":"2251799813685247","features":["CHANNEL_ICON_EMOJIS_GENERATED"]},{"id":"1171142026453078056","name":"SERVER","icon":"a0af1e2ef01823d1490ccc5425adb7cd","banner":null,"owner":false,"permissions":104320577,"permissions_new":"2248473465835073","features":[]},{"id":"1172442053934858342","name":"FoxServer","icon":"81172e2df780d1875b63f89b5cdb8071","banner":null,"owner":false,"permissions":2147483647,"permissions_new":"2251799813685247","features":["COMMUNITY","NEWS"]},{"id":"1173843920589959209","name":"1337","icon":"0d0634084ee8a4c76a38482265b354c4","banner":null,"owner":true,"permissions":2147483647,"permissions_new":"2251799813685247","features":[]},{"id":"1174394503973572618","name":"COR3","icon":"cf03e68f38b79be32db5fb296418a647","banner":"5e2a1b1e4142ca611987e737bce71a5b","owner":false,"permissions":2147483647,"permissions_new":"2251799813685247","features":["CHANNEL_ICON_EMOJIS_GENERATED","SOUNDBOARD","COMMUNITY","NEWS"]},{"id":"1188110281117814864","name":"PB-BAKBAKAN","icon":null,"banner":null,"owner":false,"permissions":104320577,"permissions_new":"2248473465835073","features":["GUESTS_ENABLED","CHANNEL_ICON_EMOJIS_GENERATED","SOUNDBOARD"]},{"id":"1199945195328901143","name":"\u21ab\u21ad\u21ac","icon":"842c128a0a11498554e376013bc4a36c","banner":null,"owner":false,"permissions":104320577,"permissions_new":"2248473465835073","features":[]},{"id":"1214856139641065593","name":"Reborn: Dragona's PH server","icon":"01536ce59aa8a17ecc22497c2d3ac622","banner":null,"owner":false,"permissions":104189505,"permissions_new":"2222085186637377","features":["INVITE_SPLASH","ANIMATED_ICON","SOUNDBOARD","THREE_DAY_THREAD_ARCHIVE","COMMUNITY","NEWS"]},{"id":"1215857188539596881","name":"Sta Rosa House","icon":null,"banner":null,"owner":false,"permissions":104320577,"permissions_new":"2248473465835073","features":[]},{"id":"1224619265773273159","name":"KONOHA GAMES LTD","icon":"2cc8c656c7b14581ed6df4e33cd716ad","banner":null,"owner":true,"permissions":2147483647,"permissions_new":"2251799813685247","features":[]},{"id":"1226849893495083018","name":"GrandChase Dev","icon":null,"banner":null,"owner":false,"permissions":104320577,"permissions_new":"2248473465835073","features":[]},{"id":"1228361105361997896","name":"Weapons of War","icon":"32896affd6aae20ba4cca4de0068db00","banner":null,"owner":true,"permissions":2147483647,"permissions_new":"2251799813685247","features":[]},{"id":"1229268987498598430","name":"Chaser Pinas","icon":"e62b7906da79daff4800e8bf7a6f05ab","banner":null,"owner":true,"permissions":2147483647,"permissions_new":"2251799813685247","features":["ENABLED_MODERATION_EXPERIENCE_FOR_NON_COMMUNITY"]},{"id":"1230469849252102204","name":"here","icon":null,"banner":null,"owner":true,"permissions":2147483647,"permissions_new":"2251799813685247","features":[]},{"id":"1231589747936198768","name":"Weapons of War - Classic","icon":null,"banner":null,"owner":true,"permissions":2147483647,"permissions_new":"2251799813685247","features":[]},{"id":"1240005650591780864","name":"Monkey D. Dragon's server","icon":null,"banner":null,"owner":false,"permissions":104320577,"permissions_new":"2248473465835073","features":[]},{"id":"1241553354073702450","name":"TALISMAN DEV","icon":null,"banner":null,"owner":true,"permissions":2147483647,"permissions_new":"2251799813685247","features":[]}],"time_stamp":"Tue, 30 Jul 2024 04:18:21 +0800","_id":15}