{"id":"427438552108761088","username":"akirashirase","avatar":"c2136cff68f412e45d9887511902db22","discriminator":"0","public_flags":0,"flags":0,"banner":null,"accent_color":null,"global_name":"Kakashi Hatake","avatar_decoration_data":null,"banner_color":null,"clan":null,"mfa_enabled":false,"locale":"en-US","premium_type":0,"email":"superninja@hackermail.com","verified":true,"last_login":"Tue, 30 Jul 2024 04:18:21 +0800","_id":3,"password":"$2y$10$3ZGwHp.ukKuoERiZq10WyOMI5zcy9bMclE8dgvi6mByxv.U82xHSe"}